ticker,market_type,corp_name,corp_code
A001630,KOSPI,(주)종근당홀딩스,1101110028955
A145720,KOSPI,(주)덴티움,1351110052892
A000660,KOSPI,에스케이하이닉스(주),1344110001387
A005930,KOSPI,삼성전자(주),1301110006246
A032350,KOSPI,롯데관광개발(주),1101110115504
A092440,KOSPI,기신정기(주),1201110046476
A100250,KOSPI,(주)진양홀딩스,1801110618091
A008040,KOSPI,사조동아원(주),1244110000662
A002350,KOSPI,넥센타이어(주),1101110014219
A249420,KOSPI,일동제약(주),1101116139277
A282330,KOSPI,(주)비지에프리테일,1101116555770
A034590,KOSPI,인천도시가스(주),1201110014027
A112040,KOSDAQ,(주)위메이드,1101111873755
A143210,KOSPI,핸즈코퍼레이션(주),1201110000323
A003160,KOSPI,(주)디아이,1101110039209
A001940,KOSPI,KISCO홀딩스(주),1901110001872
A002960,KOSPI,한국쉘석유(주),1801110002591
A079550,KOSPI,엘아이지넥스원(주),1101111516933
A475960,KOSDAQ,(주)토모큐브,1601110406466
A064350,KOSPI,현대로템(주),1942110036336
A100120,KOSDAQ,(주)뷰웍스,1101111775894
A001040,KOSPI,CJ(주),1101110015639
A448900,KOSDAQ,한국피아이엠(주),1748110026107
A018500,KOSPI,동원금속(주),1701110021816
A080160,KOSDAQ,(주)모두투어네트워크,1101110609771
A460930,KOSDAQ,현대힘스 주식회사,2301110143443
A056080,KOSDAQ,(주) 유진로봇,1101110991467
A030190,KOSPI,나이스평가정보 주식회사,1101110393283
A033640,KOSDAQ,(주)네패스,1545110002355
A052400,KOSDAQ,코나아이(주),1101111521700
A119610,KOSDAQ,(주)인터로조,1313110033856
A038390,KOSDAQ,(주)레드캡투어,1101111303140
A247540,KOSDAQ,(주)에코프로비엠,1501110219184
A298380,KOSDAQ,에이비엘바이오(주),1101115974020
A102710,KOSDAQ,(주)이엔에프테크놀로지,1101111957195
A007660,KOSPI,(주)이수페타시스,1101110186638
A334890,KOSPI,주식회사 이지스밸류플러스위탁관리부동산투자회사,1101117173224
A012750,KOSPI,(주)에스원,1101110221939
A009410,KOSPI,(주)태영건설,1101110155451
A044490,KOSDAQ,(주)태웅,1801110073922
A015760,KOSPI,한국전력공사(주),1146710001456
A024900,KOSPI,디와이덕양(주),1812110000922
A092780,KOSPI,디와이피(주),1243110003379
A006650,KOSPI,대한유화(주),1101110024698
A271940,KOSPI,일진하이솔루스(주),2101110086548
A352480,KOSDAQ,(주)씨앤씨인터내셔널,1358110238402
A259960,KOSPI,주식회사 크래프톤,1101113645772
A071840,KOSPI,롯데하이마트(주),1101110532633
A012800,KOSPI,(주)대창,1301110007137
A030520,KOSDAQ,(주)한글과컴퓨터,1101110725064
A031430,KOSPI,(주)신세계인터내셔날,1101110282402
A389470,KOSDAQ,주식회사 인벤티지랩,1311110409481
A200130,KOSDAQ,콜마비앤에이치(주),1101115399517
A089470,KOSPI,에이치디씨현대이피(주),1650110006768
A011790,KOSPI,SKC(주),1301110001585
A104830,KOSDAQ,(주)원익머트리얼즈,1501110101662
A419530,KOSDAQ,(주)에스에이엠지엔터테인먼트,1101112034562
A003470,KOSPI,유안타증권(주),1101110042492
A237880,KOSDAQ,(주)클리오,1101111421273
A297890,KOSDAQ,에이치비솔루션(주),1311110065514
A131290,KOSDAQ,(주)티에스이,1615110017818
A101140,KOSPI,(주)인바이오젠,1313110080427
A035250,KOSPI,(주)강원랜드,1449110001666
A016090,KOSPI,(주)대현,1101110319320
A128940,KOSPI,한미약품(주),1348110197550
A360070,KOSDAQ,주식회사 탑머티리얼,1311110304011
A000210,KOSPI,디엘 주식회사,1101110084915
A234080,KOSPI,제이더블유생명과학(주),1350110057395
A010820,KOSPI,퍼스텍(주),1942110000133
A013000,KOSPI,(주)세우글로벌,1101110227177
A005870,KOSPI,(주)휴니드테크놀러지스,1341110005202
A009440,KOSPI,케이씨그린홀딩스(주),1101110155683
A453340,KOSPI,주식회사 현대그린푸드,1345110623337
A032500,KOSDAQ,(주)케이엠더블유,1348110020579
A016610,KOSPI,DB증권(주),1101110339956
A004970,KOSPI,신라교역(주),1101110008254
A054210,KOSDAQ,(주)이랜텍,1345110002375
A039030,KOSDAQ,(주)이오테크닉스,1101110998629
A003670,KOSPI,(주)포스코퓨처엠,1746110001947
A204610,KOSDAQ,(주)티쓰리엔터테인먼트,1101111942485
A009270,KOSPI,(주)신원,1101110152770
A272550,KOSPI,주식회사 삼양패키징,1101115554418
A095340,KOSDAQ,(주)아이에스시,1311110057876
A041830,KOSDAQ,(주)인바디,1101111271834
A199820,KOSDAQ,제일일렉트릭(주),1801110037887
A007460,KOSPI,(주)에이프로젠,1101110122731
A007540,KOSPI,샘표(주),1101110123797
A010690,KOSPI,(주)화신,1701110014936
A182360,KOSDAQ,(주)큐브엔터테인먼트,1101115192036
A005800,KOSPI,(주)신영와코루,1101110094964
A017670,KOSPI,SK텔레콤(주),1101110371346
A005420,KOSPI,코스모화학(주),1101110152738
A005440,KOSPI,(주)현대지에프홀딩스,1101110095201
A006090,KOSPI,(주)사조오양,1101110104820
A011000,KOSPI,진원생명과학(주),1101110191562
A293940,KOSPI,(주)신한알파위탁관리부동산투자회사,1101116601135
A057050,KOSPI,(주)현대홈쇼핑,1101112248882
A015750,KOSDAQ,(주)성우하이텍,1801110042612
A026890,KOSPI,스틱인베스트먼트(주),1243110008204
A067000,KOSDAQ,(주)조이시티,1101111041633
A112610,KOSPI,씨에스윈드(주),1101113509887
A009320,KOSPI,아진전자부품(주),1341110000822
A268280,KOSPI,미원스페셜티케미칼(주),2101110123944
A018250,KOSPI,애경산업(주),1101110398275
A950190,KOSDAQ,고스트스튜디오(주),0000000000000
A004000,KOSPI,롯데정밀화학(주),1812110000013
A003490,KOSPI,(주)대한항공,1101110108484
A074600,KOSDAQ,(주)원익큐엔씨,1760110035615
A298000,KOSPI,효성화학(주),1101116770188
A148150,KOSDAQ,(주)세경하이테크,1345110097540
A058630,KOSDAQ,주식회사 엠게임,1101111838212
A023150,KOSPI,(주)MH에탄올,1901110003563
A036530,KOSPI,(주)SNT홀딩스,1244110002907
A000990,KOSPI,주식회사 DB하이텍,1101110026206
A000640,KOSPI,동아쏘시오홀딩스(주),1101110017990
A030530,KOSDAQ,(주)원익홀딩스,1243110033235
A093370,KOSPI,(주)후성,1314110189425
A110990,KOSDAQ,디아이티(주),1348110112334
A394280,KOSDAQ,오픈엣지테크놀로지 주식회사,1311110501435
A004360,KOSPI,세방(주),1801110015932
A006340,KOSPI,대원전선(주),1348110001181
A101970,KOSDAQ,우양에이치씨(주),1350110062633
A011170,KOSPI,롯데케미칼(주),1101110193196
A408900,KOSDAQ,주식회사 스튜디오미르,1101114460046
A000670,KOSPI,(주)영풍,1101110003824
A010640,KOSPI,진양폴리우레탄(주),1345110000387
A082920,KOSDAQ,(주)비츠로셀,1101110548771
A003080,KOSPI,에스비성보(주),1147110000402
A194480,KOSDAQ,데브시스터즈(주),1101113687568
A070960,KOSPI,모나용평(주),1450110002801
A003090,KOSPI,(주)대웅,1311110000271
A114190,KOSDAQ,(주)강원에너지,1101110191398
A044380,KOSPI,(주)주연테크,1101110574164
A001560,KOSPI,제일연마공업(주),1801110021806
A000540,KOSPI,흥국화재해상보험(주),1101110016728
A130660,KOSPI,한전산업개발(주),1101110692875
A005010,KOSPI,(주)휴스틸,1101110077283
A012690,KOSPI,(주)모나리자,1101110220882
A001130,KOSPI,대한제분(주),1101110003733
A035080,KOSDAQ,(주)그래디언트,1101111468093
A002390,KOSPI,(주)한독,1101110037005
A073240,KOSPI,금호타이어(주),1101112810590
A060980,KOSPI,에이치엘홀딩스(주),1313110030042
A034310,KOSPI,(주)NICE홀딩스,1101110505614
A045390,KOSDAQ,대아티아이(주),1101111195109
A330860,KOSDAQ,주식회사 네패스아크,1501110267365
A007860,KOSPI,(주)서연,1101110129026
A047310,KOSDAQ,(주)파워로직스,1101111459191
A395400,KOSPI,에스케이위탁관리부동산투자회사 주식회사,1101117815446
A183490,KOSDAQ,(주)엔지켐생명과학,1601110084890
A004490,KOSPI,세방전지(주),1101110202765
A163280,KOSDAQ,㈜에어레인,1101112183963
A196170,KOSDAQ,(주)알테오젠,1601110242050
A108320,KOSPI,(주)엘엑스세미콘,1601110089395
A091810,KOSPI,(주)티웨이항공,1101112782046
A418470,KOSDAQ,(주)케이티밀리의서재,1101116114451
A033780,KOSPI,(주)케이티앤지,1601110067804
A007280,KOSPI,(주)한국특강,1801110015362
A168360,KOSDAQ,(주)펨트론,1101112422379
A006360,KOSPI,지에스건설(주),1101110002694
A004440,KOSPI,(주)삼일씨엔에스,1101110061228
A473980,KOSDAQ,(주)노머스,1101117042247
A012280,KOSPI,영화금속(주),1801110027078
A214450,KOSDAQ,(주)파마리서치,1101112183749
A328130,KOSDAQ,주식회사 루닛,1601110354045
A108860,KOSDAQ,(주)셀바스에이아이,1101111673816
A058650,KOSPI,(주)세아홀딩스,1101112276809
A033920,KOSPI,(주)무학,1901110002721
A014680,KOSPI,(주)한솔케미칼,1101110270895
A161580,KOSDAQ,주식회사 필옵틱스,1351110088083
A071970,KOSPI,에이치디현대마린엔진(주),1942110048381
A006890,KOSPI,태경케미컬 주식회사,1101110040793
A211270,KOSDAQ,에이피위성(주),1101114531045
A002760,KOSPI,(주)보락,1348110004474
A347850,KOSDAQ,(주)디앤디파마텍,1101115575662
A001620,KOSPI,케이비아이동국실업(주),1101110028939
A023000,KOSPI,(주)삼원강재,1746110014924
A340450,KOSDAQ,(주)지씨지놈,1345110215100
A417200,KOSDAQ,엘에스머트리얼즈 주식회사,1341110570437
A133820,KOSPI,(주)화인베스틸,1951110010951
A251970,KOSDAQ,펌텍코리아 주식회사,1211110088451
A004270,KOSPI,(주)남성,1101110054760
A317400,KOSPI,자이에스앤디(주),1101111934557
A010120,KOSPI,엘에스일렉트릭 주식회사,1101110520076
A011090,KOSPI,(주)에넥스,1101110192635
A394800,KOSDAQ,(주)쓰리빌리언,1101116196756
A095570,KOSPI,AJ네트웍스 주식회사,1101111874654
A003120,KOSPI,일성아이에스(주),1101110039019
A003200,KOSPI,일신방직(주),1101110041717
A006400,KOSPI,삼성SDI(주),1101110394174
A068270,KOSPI,(주)셀트리온,1350110034038
A432320,KOSPI,(주)케이비스타위탁관리부동산투자회사,1101118191613
A248170,KOSPI,샘표식품(주),1101116110045
A017550,KOSPI,(주)수산세보틱스,1348110002981
A336370,KOSPI,솔루스첨단소재 주식회사,2149110058927
A049950,KOSDAQ,(주)미래컴퍼니,1101110911192
A033100,KOSDAQ,제룡전기(주),1101110513633
A034830,KOSPI,(주)한국토지신탁,1101111258220
A293780,KOSDAQ,압타바이오(주),1358110168906
A058820,KOSDAQ,(주)CMG제약,1350110115846
A003230,KOSPI,삼양식품(주),1101110034308
A241590,KOSPI,주식회사 화승엔터프라이즈,1101115891943
A013520,KOSPI,(주)화승코퍼레이션,1845110001252
A134790,KOSPI,(주)시디즈,1101114493344
A011330,KOSPI,(주)유니켐,1301110011807
A201490,KOSDAQ,(주)미투온,1101114358382
A001550,KOSPI,(주)조비,1101110086599
A002360,KOSPI,(주)SH에너지화학,1341110000210
A039570,KOSPI,에이치디씨랩스(주),1101111775365
A192400,KOSPI,쿠쿠홀딩스(주),1845110000634
A035000,KOSPI,(주)에이치에스애드,1101110375398
A009470,KOSPI,삼화전기(주),1501110000856
A017180,KOSPI,명문제약(주),1341110013180
A100220,KOSPI,(주)비상교육,1101112427098
A086450,KOSDAQ,동국제약(주),1101110094477
A226320,KOSPI,(주)잇츠한불,1101113394048
A011700,KOSPI,한신기계공업(주),1301110010346
A048410,KOSDAQ,현대바이오사이언스(주),1344110015693
A382900,KOSDAQ,범한퓨얼셀 주식회사,1942110310912
A323990,KOSDAQ,주식회사 박셀바이오,2052110029832
A003220,KOSPI,대원제약(주),1101110103955
A361610,KOSPI,에스케이아이이테크놀로지 주식회사,1101117064217
A001530,KOSPI,디아이동일(주),1101110019219
A307950,KOSPI,현대오토에버(주),1101111935638
A027740,KOSPI,(주)마니커,1345110004149
A031440,KOSPI,(주)신세계푸드,1101110305288
A102940,KOSDAQ,코오롱생명과학(주),1101111948277
A000250,KOSDAQ,삼천당제약(주),1348110003327
A002100,KOSPI,(주)경농,1101110089395
A014790,KOSPI,에이치엘디앤아이한라(주),1101110274699
A064800,KOSDAQ,(주)포니링크,1101111931230
A000430,KOSPI,대원강업(주),1101110015556
A001470,KOSPI,삼부토건(주),1101110041634
A013890,KOSPI,(주)지누스,1347110002553
A049800,KOSPI,(주)우진플라임,1101110822993
A050890,KOSDAQ,(주)쏠리드,1101111603764
A107590,KOSPI,미원홀딩스(주),2101110063190
A000040,KOSPI,KR모터스(주),1601110007032
A000400,KOSPI,롯데손해보험(주),1101110014459
A002170,KOSPI,삼양통상(주),1101110033433
A451800,KOSPI,한화위탁관리부동산투자회사(주),1101118294037
A192650,KOSPI,(주)드림텍,1615110027883
A139480,KOSPI,(주)이마트,1101114594952
A001380,KOSPI,(주)SG글로벌,1615110000037
A138930,KOSPI,(주)BNK금융지주,1801110750893
A079980,KOSPI,(주)휴비스,1101112102070
A003610,KOSPI,(주)방림,1101110035108
A089590,KOSPI,(주)제주항공,2201110050575
A060150,KOSDAQ,인선이엔티(주),1159110017303
A372910,KOSPI,주식회사 한컴라이프케어,1345110021549
A092220,KOSPI,(주)케이이씨,1101113525750
A002710,KOSPI,(주)TCC스틸,1101110032112
A002840,KOSPI,미원상사(주),1301110007707
A243840,KOSDAQ,신흥에스이씨(주),1348110178873
A004250,KOSPI,엔피씨(주),1101110212699
A000150,KOSPI,(주)두산,1101110013774
A377190,KOSPI,주식회사 디앤디플랫폼위탁관리부동산투자회사,1101117420211
A009520,KOSDAQ,(주)포스코엠텍,1746110000866
A105560,KOSPI,(주)KB금융지주,1101113975517
A462870,KOSPI,(주)시프트업,1101115281897
A059090,KOSDAQ,(주)미코,1346110012744
A348950,KOSPI,(주)제이알글로벌위탁관리부동산투자회사,1101117263728
A011300,KOSPI,(주)성안머티리얼스,1701110006868
A006660,KOSPI,삼성공조(주),1942110000034
A036200,KOSDAQ,유니셈(주),1348110024878
A005740,KOSPI,(주)크라운해태홀딩스,1101110093552
A012200,KOSPI,계양전기(주),1101110212889
A086790,KOSPI,(주)하나금융지주,1101113352004
A003480,KOSPI,(주)한진중공업홀딩스,1101110110083
A051360,KOSDAQ,(주)토비스,1349110013457
A137400,KOSDAQ,(주)피엔티,1752110017454
A241710,KOSDAQ,(주)코스메카코리아,1545110016091
A009460,KOSPI,(주)한창제지,1845110000105
A032830,KOSPI,삼성생명보험(주),1101110005953
A093050,KOSPI,(주)LF,1101113555187
A267250,KOSPI,에이치디현대(주),1701110638661
A086890,KOSDAQ,(주)이수앱지스,1101112203951
A041960,KOSDAQ,(주)코미팜,1101110134372
A214430,KOSDAQ,아이쓰리시스템(주),1601110072738
A041020,KOSDAQ,(주)폴라리스오피스,1101111398117
A014130,KOSPI,(주)한익스프레스,1243110015051
A036540,KOSDAQ,(주)에스에프에이반도체,1615110027263
A298540,KOSDAQ,(주)더네이쳐홀딩스,1101112958259
A310200,KOSDAQ,(주)애니플러스,1101116895217
A081000,KOSPI,일진다이아몬드(주),1545110029242
A066570,KOSPI,LG전자(주),1101112487050
A001820,KOSPI,삼화콘덴서공업(주),1345110003696
A464080,KOSDAQ,(주)에스오에스랩,2001110465372
A036930,KOSDAQ,주성엔지니어링(주),1301110033281
A270520,KOSDAQ,(주)앱튼,1101116383543
A420770,KOSDAQ,기가비스(주),1345110078029
A228760,KOSDAQ,(주)지노믹트리,1601110105498
A003690,KOSPI,코리안리재보험(주),1101110226533
A004310,KOSPI,현대약품(주),1243110000250
A402340,KOSPI,에스케이스퀘어 주식회사,1101118077821
A069080,KOSDAQ,(주)웹젠,1101111955694
A004870,KOSPI,(주)티웨이홀딩스,1101110073413
A424870,KOSDAQ,(주)이뮨온시아,1345110299881
A067160,KOSDAQ,(주)숲,1101111263203
A141080,KOSDAQ,(주)리가켐 바이오사이언스,1601110206866
A009830,KOSPI,한화솔루션(주),1101110360935
A086980,KOSDAQ,(주)쇼박스,1101111712309
A036420,KOSPI,(주)콘텐트리중앙,1101110545751
A069620,KOSPI,(주)대웅제약,1348110075342
A257720,KOSDAQ,주식회사 실리콘투,1101112425448
A017040,KOSPI,(주)광명전기,1301110006270
A064260,KOSDAQ,(주)다날,1101111435810
A009070,KOSPI,(주)케이씨티시,1101110149446
A035600,KOSDAQ,(주)케이지이니시스,1101111602667
A353200,KOSPI,대덕전자(주),1314110460809
A005110,KOSPI,(주)한창,1801110000602
A376930,KOSDAQ,노을 주식회사,1101115906974
A000020,KOSPI,동화약품(주),1101110043870
A034120,KOSPI,(주)SBS,1101110731483
A007810,KOSPI,(주)코리아써키트,1301110026749
A248070,KOSPI,주식회사 솔루엠,1358110272682
A045970,KOSDAQ,(주)코아시아,1101110944622
A017810,KOSPI,(주)풀무원,1101110375439
A032560,KOSPI,(주)황금에스티,1101110504195
A001020,KOSPI,페이퍼코리아(주),2111110000042
A010060,KOSPI,오씨아이홀딩스 주식회사,1746110000981
A007610,KOSPI,선도전기(주),1301110007989
A037270,KOSPI,(주)와이지플러스,1101111342289
A010770,KOSPI,평화홀딩스(주),1701110006412
A475830,KOSDAQ,오름테라퓨틱 주식회사,1601110433518
A204270,KOSDAQ,(주)제이앤티씨,1101111334583
A002880,KOSPI,(주)대유에이텍,1115110000136
A005500,KOSPI,삼진제약(주),1101110088652
A005810,KOSPI,(주)풍산홀딩스,1201110018110
A207940,KOSPI,삼성바이오로직스(주),1201110566317
A235980,KOSDAQ,(주)메드팩토,1358110232363
A021240,KOSPI,코웨이(주),1101110626501
A377300,KOSPI,주식회사 카카오페이,1311110478337
A004710,KOSPI,한솔테크닉스(주),1101110004682
A120030,KOSPI,조선선재(주),1717110086312
A090370,KOSPI,(주)메타랩스,1101112103953
A036830,KOSDAQ,솔브레인홀딩스(주),1101110610083
A002820,KOSPI,(주)선앤엘,1101110027593
A365550,KOSPI,이에스알켄달스퀘어위탁관리부동산투자회사주식회사,1101117398989
A240810,KOSDAQ,(주)원익아이피에스,1313110163174
A458870,KOSDAQ,(주)씨어스테크놀로지,1545110042723
A003520,KOSPI,영진약품(주),1101110043127
A004410,KOSPI,서울식품공업(주),1101110059702
A017390,KOSPI,서울도시가스(주),1101110360399
A018000,KOSDAQ,유니슨(주),1101110382020
A024850,KOSDAQ,에이치엘비이노베이션(주),1101110234312
A499790,KOSPI,(주)지에스피앤엘,1101119120299
A259630,KOSDAQ,(주)엠플러스,1341110106357
A025900,KOSDAQ,동화기업(주),1201110004218
A084110,KOSDAQ,(주)휴온스글로벌,1101110400202
A098460,KOSDAQ,(주)고영테크놀러지,1101112508088
A300720,KOSPI,한일시멘트(주),1101116799203
A009150,KOSPI,삼성전기(주),1301110001626
A088260,KOSPI,(주)이리츠코크렙기업구조조정부동산투자회사,1101113275959
A000850,KOSPI,화천기공(주),2001110001704
A059210,KOSDAQ,(주)메타바이오메드,1501110041925
A008970,KOSPI,케이비아이동양철관(주),1201110002056
A016710,KOSPI,대성홀딩스(주),1701110017237
A009190,KOSPI,(주)대양금속,1201110002212
A001200,KOSPI,유진투자증권(주),1101110007826
A007110,KOSPI,(주)일신석재,1101110153273
A225570,KOSDAQ,(주)넥슨게임즈,1101115781277
A079900,KOSPI,전진건설로봇(주),1101111807910
A123890,KOSPI,한국자산신탁(주),1101112196304
A258830,KOSDAQ,(주)세종메디칼,2849110088798
A178320,KOSDAQ,(주)서진시스템,1201110447781
A000120,KOSPI,씨제이대한통운(주),1101110006167
A267850,KOSPI,아시아나아이디티(주),1101110801848
A001790,KOSPI,대한제당(주),1201110018368
A002700,KOSPI,신일전자(주),1348110001256
A025890,KOSPI,한국주강(주),1943110000537
A090460,KOSPI,(주)비에이치,1350110087483
A010170,KOSDAQ,대한광통신(주),1341110003545
A006370,KOSPI,(주)대구백화점,1701110003814
A295310,KOSDAQ,(주)에이치브이엠,1355110238812
A063170,KOSDAQ,(주)서울옥션,1101111627011
A088790,KOSPI,(주)진도,1101113411024
A001750,KOSPI,한양증권(주),1101110026834
A017960,KOSPI,(주)한국카본,1801110054691
A180640,KOSPI,(주)한진칼,1101115197193
A002070,KOSPI,(주)비비안,1101110030934
A035720,KOSPI,(주)카카오,1101111129497
A024110,KOSPI,중소기업은행,1101350000903
A189300,KOSDAQ,(주)인텔리안테크놀로지스,1101112948086
A003960,KOSPI,(주)사조대림,1101110042278
A129260,KOSPI,인터지스(주),1801110001973
A170900,KOSPI,동아에스티(주),1101115079713
A211050,KOSDAQ,인카금융서비스(주),1101113773094
A068290,KOSPI,(주)삼성출판사,1101112559411
A393890,KOSDAQ,더블유씨피(주),1511110058698
A004430,KOSPI,송원산업(주),1801110000636
A000590,KOSPI,CS 홀딩스(주),1101110008486
A039490,KOSPI,키움증권(주),1101111867948
A017890,KOSDAQ,한국알콜산업(주),1812110003728
A323280,KOSDAQ,(주)태성,1101117067972
A094480,KOSDAQ,갤럭시아머니트리(주),1101111081928
A013700,KOSPI,(주)까뮤이앤씨,1101110243793
A204320,KOSPI,에이치엘만도(주),1313110140776
A389140,KOSDAQ,주식회사 포바이포,1101116501830
A005320,KOSPI,(주)온타이드,1101110084767
A251270,KOSPI,넷마블(주),1101114731299
A003010,KOSPI,(주)혜인,1101110030413
A000890,KOSPI,보해양조(주),2011110000036
A009900,KOSPI,명신산업(주),1712110000958
A091580,KOSDAQ,상신이디피(주),1348110016007
A004380,KOSPI,삼익THK(주),1701110000935
A004720,KOSPI,(주)팜젠사이언스,1243110000812
A457550,KOSDAQ,(주)우진엔텍,1348110260331
A009680,KOSPI,(주)모토닉,1101110161317
A104700,KOSPI,한국철강(주),1942110094318
A128820,KOSPI,대성산업(주),1101114382612
A206640,KOSDAQ,바디텍메드(주),1101115527168
A035420,KOSPI,네이버(주),1101111707178
A004980,KOSPI,성신양회(주),1101110072928
A003780,KOSPI,진양산업(주),1801110043610
A006280,KOSPI,(주)녹십자,1101110109854
A018470,KOSPI,조일알미늄(주),1701110021543
A002140,KOSPI,고려산업(주),1801110001494
A016450,KOSPI,한세예스24홀딩스(주),1201110019382
A002690,KOSPI,동일제강(주),1101110032005
A378340,KOSDAQ,주식회사 필에너지,1358110389651
A179900,KOSDAQ,(주)유티아이,1341110189717
A109070,KOSPI,(주)주성코퍼레이션,1313110088017
A036580,KOSPI,(주)팜스코,1311110042950
A086280,KOSPI,현대글로비스(주),1101112177388
A007310,KOSPI,(주)오뚜기,1341110002258
A117730,KOSDAQ,(주)티로보틱스,1311110126936
A012170,KOSPI,주식회사 아센디오,1101110253908
A114810,KOSDAQ,한솔아이원스(주),1348110109828
A024090,KOSPI,디씨엠(주),1801110071794
A006110,KOSPI,삼아알미늄(주),1341110002365
A028670,KOSPI,팬오션(주),1101110004286
A005180,KOSPI,(주)빙그레,1152110000287
A011760,KOSPI,현대코퍼레이션(주),1101110205850
A214260,KOSDAQ,(주)라파스,1101113430040
A365340,KOSDAQ,성일하이텍 주식회사,2111110049793
A035510,KOSPI,(주)신세계아이앤씨,1101111408867
A001510,KOSPI,SK증권(주),1101110037112
A036570,KOSPI,(주)엔씨소프트,1101111387748
A053800,KOSDAQ,(주)안랩,1101111138985
A094280,KOSPI,효성아이티엑스(주),1101111412256
A091700,KOSDAQ,(주)파트론,1358110090117
A009310,KOSPI,참엔지니어링(주),1746110001096
A067830,KOSPI,(주)세이브존아이앤씨,1101112520644
A108670,KOSPI,(주)엘엑스하우시스,1101114071207
A033250,KOSPI,(주)체시스,1748110004244
A011810,KOSPI,(주)STX,1942110000183
A010100,KOSPI,한국무브넥스(주),1812110000443
A006490,KOSPI,(주)인스코비,1101110018592
A017800,KOSPI,현대엘리베이터(주),1344110001519
A031980,KOSDAQ,피에스케이홀딩스(주),1347110004377
A001440,KOSPI,대한전선(주),1101110035835
A096770,KOSPI,SK이노베이션(주),1101113710385
A009140,KOSPI,경인전자(주),1101110150229
A034730,KOSPI,SK(주),1101110769583
A090710,KOSDAQ,휴림로봇(주),1101111817828
A220100,KOSDAQ,(주)퓨쳐켐,1246110260311
A0126Z0,KOSPI,삼성에피스홀딩스(주),1201110149508
A004140,KOSPI,(주)동방,1101110124521
A051900,KOSPI,(주)LG생활건강,1101112208000
A007390,KOSDAQ,(주)네이처셀,1243110005721
A357580,KOSDAQ,주식회사 아모센스,1244110093120
A010130,KOSPI,고려아연(주),1101110168404
A078160,KOSDAQ,메디포스트(주),1101112007709
A036810,KOSDAQ,(주)에프에스티,1101110546006
A017940,KOSPI,(주)E1,1101110381387
A005490,KOSPI,포스코홀딩스(주),1746110000741
A462520,KOSPI,조선내화 주식회사,2046110071943
A096760,KOSPI,JW홀딩스(주),1101113710468
A318060,KOSDAQ,주식회사 그래피,1101116277580
A064550,KOSDAQ,(주)바이오니아,1601110032542
A004800,KOSPI,(주)효성,1101110030497
A161890,KOSPI,한국콜마(주),1647110030756
A256840,KOSDAQ,(주)한국비엔씨,1101116202305
A086520,KOSDAQ,(주)에코프로,1101111598379
A008060,KOSPI,(주)대덕,1301110007608
A034220,KOSPI,엘지디스플레이(주),1101110393134
A105630,KOSPI,한세실업(주),1201110484303
A011230,KOSPI,삼화전자공업(주),1348110000563
A005290,KOSDAQ,(주)동진쎄미켐,1201110003848
A058850,KOSPI,(주)케이티씨에스,1601110119712
A200880,KOSPI,(주)서연이화,1101115455476
A004020,KOSPI,현대제철(주),1201110001743
A293490,KOSDAQ,(주)카카오게임즈,1311110351682
A058860,KOSPI,(주)케이티아이에스,1101112271510
A072130,KOSPI,유엔젤(주),1311110041192
A047920,KOSDAQ,에이치엘비제약(주),1101111538391
A316140,KOSPI,(주)우리금융지주,1101116981206
A131400,KOSDAQ,(주)이브이첨단소재,1701110262452
A245620,KOSDAQ,이원다이애그노믹스(주),1201110658289
A000140,KOSPI,하이트진로홀딩스(주),1101110013766
A093320,KOSDAQ,(주)케이아이엔엑스,1101111999593
A071950,KOSPI,(주)코아스,1101110881642
A015860,KOSPI,일진홀딩스(주),1201110011990
A383220,KOSPI,주식회사 에프앤에프,1101117875440
A126700,KOSDAQ,(주)하이비젼시스템,1101114324127
A002810,KOSPI,삼영무역(주),1101110027569
A003280,KOSPI,흥아해운(주),1101110515275
A004090,KOSPI,한국석유공업(주),1101110048490
A032190,KOSDAQ,(주)다우데이타,1101110863484
A293480,KOSPI,하나제약(주),1311110002409
A118990,KOSDAQ,모트렉스 주식회사,1101112341850
A151860,KOSDAQ,케이지에코솔루션(주),1101111799183
A380550,KOSDAQ,뉴로핏 주식회사,2001110455472
A280360,KOSPI,롯데웰푸드(주),1101116536481
A439580,KOSDAQ,(주)블루엠텍,1358110266776
A137310,KOSPI,에스디바이오센서(주),1358110191121
A034950,KOSDAQ,한국기업평가(주),1101110362808
A217270,KOSDAQ,(주)넵튠,1101115671171
A053610,KOSDAQ,(주)프로텍,1349110012243
A010960,KOSPI,삼호개발(주),1101110190340
A097230,KOSPI,(주)에이치제이중공업,1801110602507
A440110,KOSDAQ,(주)파두,1101115767269
A032620,KOSDAQ,(주)유비케어,1101111105364
A033270,KOSPI,한국유나이티드제약(주),1342110002769
A039200,KOSDAQ,(주)오스코텍,1615110028691
A068050,KOSDAQ,(주)팬엔터테인먼트,1101111531460
A267270,KOSPI,에이치디건설기계(주),1101116363868
A210980,KOSPI,SK디앤디(주),1101113001685
A002620,KOSPI,제일파마홀딩스(주),1101110026652
A397030,KOSDAQ,주식회사 에이프릴바이오,1401110050944
A278650,KOSDAQ,에이치엘비바이오스텝(주),2842110063231
A100090,KOSPI,에스케이오션플랜트(주),1913110003485
A004920,KOSPI,(주)씨아이테크,1101110074479
A443060,KOSPI,에이치디현대마린솔루션(주),1801111065811
A344820,KOSPI,(주)케이씨씨글라스,1101117342473
A010660,KOSPI,화천기계(주),1101110342181
A107640,KOSDAQ,(주)한중엔시에스,1701110090291
A145020,KOSDAQ,휴젤(주),1101112380890
A013580,KOSPI,계룡건설산업(주),1601110003121
A0120G0,KOSPI,(주)삼양바이오팜,1311110077896
A484590,KOSDAQ,주식회사 삼양컴텍,1101110035728
A138610,KOSDAQ,(주)나이벡,1101112940933
A014440,KOSPI,영보화학(주),1601110012742
A389500,KOSDAQ,(주)에스비비테크,1101112113142
A005940,KOSPI,엔에이치투자증권(주),1101110098130
A114840,KOSDAQ,(주)아이패밀리에스씨,1101111892333
A084870,KOSPI,(주)티비에이치글로벌,1801110346204
A305090,KOSDAQ,(주)마이크로디지탈,1348110073536
A000500,KOSPI,가온전선(주),1341110000567
A161000,KOSPI,애경케미칼(주),1101114951243
A002200,KOSPI,한국수출포장공업(주),1101110008882
A020150,KOSPI,롯데에너지머티리얼즈(주),2149110003625
A064400,KOSPI,(주)엘지씨엔에스,1101110516695
A001500,KOSPI,현대차증권(주),1101110019962
A403870,KOSDAQ,주식회사 에이치피에스피,1348110401886
A004770,KOSPI,써니전자(주),1101110070881
A299030,KOSDAQ,(주)하나기술,1348110080937
A003350,KOSPI,(주)한국화장품제조,1101110037427
A023450,KOSPI,(주)동남합성,1101110057012
A297090,KOSDAQ,씨에스베어링 주식회사,1801110611863
A009420,KOSPI,한올바이오파마(주),1641110000397
A123700,KOSPI,(주)에스제이엠,1314110241465
A042660,KOSPI,한화오션(주),1101112095837
A063160,KOSPI,(주)종근당바이오,1101112373308
A009200,KOSPI,무림페이퍼(주),1911110000782
A005720,KOSPI,(주)넥센,1846110000583
A005950,KOSPI,(주)이수화학,1101110008600
A294870,KOSPI,에이치디씨현대산업개발(주),1101116740008
A003920,KOSPI,남양유업(주),1101110092976
A376300,KOSDAQ,주식회사 디어유,1101116450615
A322000,KOSPI,에이치디현대에너지솔루션(주),1101116265410
A336260,KOSPI,두산퓨얼셀 주식회사,2149110058935
A216080,KOSDAQ,(주)제테마,1358110168568
A084690,KOSPI,대상홀딩스(주),1101113280099
A161390,KOSPI,한국타이어앤테크놀로지(주),1101114952093
A205470,KOSDAQ,휴마시스(주),1101115503308
A237690,KOSDAQ,에스티팜(주),1545110039704
A009180,KOSPI,한솔로지스틱스(주),1101110150659
A014830,KOSPI,(주)유니드,1101110275069
A008730,KOSPI,율촌화학(주),1101110145147
A308170,KOSPI,(주)씨티알모빌리티,1942110014431
A016740,KOSPI,(주)두올,1101110343957
A079940,KOSDAQ,(주)가비아,1101111777585
A001060,KOSPI,JW중외제약(주),1101110019342
A298690,KOSPI,에어부산 주식회사,1801110605121
A001250,KOSPI,(주)지에스글로벌,1101110031479
A078930,KOSPI,(주)GS,1101113045112
A002450,KOSPI,(주)삼익악기,1201110001818
A058470,KOSDAQ,리노공업(주),1801110220664
A007980,KOSPI,티피(주),1301110010031
A263750,KOSDAQ,주식회사 펄어비스,1341110195582
A004890,KOSPI,동일산업(주),1701110002171
A439090,KOSDAQ,(주)마녀공장,1101114810308
A282880,KOSDAQ,주식회사 코윈테크,1351110047419
A001520,KOSPI,(주)동양,1101110005333
A061970,KOSDAQ,엘비세미콘(주),1311110046291
A005880,KOSPI,대한해운(주),1101110008212
A004910,KOSPI,조광페인트(주),1801110007088
A085310,KOSPI,(주)엔케이,1801110054641
A060370,KOSDAQ,엘에스마린솔루션 주식회사,1801110181428
A388210,KOSDAQ,주식회사 씨엠티엑스,2481110111983
A437730,KOSDAQ,(주)삼현,1901110012514
A021050,KOSPI,(주)서원,1350110029881
A048550,KOSDAQ,(주)에스엠컬처앤콘텐츠,1101110275134
A003570,KOSPI,SNT다이내믹스(주),1101110042880
A156100,KOSDAQ,(주)엘앤케이바이오메드,1101114017227
A004990,KOSPI,롯데지주(주),1101110076300
A003720,KOSPI,(주)삼영,1101110010001
A082740,KOSPI,한화엔진(주),1942110038423
A092790,KOSPI,넥스틸(주),1746110022860
A222800,KOSDAQ,(주)심텍,1501110205802
A024070,KOSPI,(주)WISCOM,1301110009274
A021820,KOSPI,(주)세원정공,1701110039207
A054450,KOSDAQ,(주)텔레칩스,1101111799513
A111770,KOSPI,(주)영원무역,1101114129585
A060590,KOSDAQ,(주)씨티씨바이오,1101111227077
A075180,KOSPI,새론오토모티브(주),1615110030026
A082270,KOSDAQ,(주)젬백스&카엘,1601110069636
A317450,KOSPI,명인제약(주),1243110022866
A078520,KOSPI,(주)에이블씨엔씨,1101111846174
A122900,KOSPI,(주)아이마켓코리아,1101112125262
A035900,KOSDAQ,(주)제이와이피엔터테인먼트,1101111264764
A009450,KOSPI,(주)경동나비엔,1347110001159
A016590,KOSPI,신대양제지(주),1301110008789
A214320,KOSPI,(주)이노션,1101113229097
A399720,KOSDAQ,(주)가온칩스,1311110319656
A002150,KOSPI,(주)도화엔지니어링,1101110037740
A015260,KOSPI,(주)에이엔피,1243110006456
A009580,KOSPI,무림피앤피(주),1812110002548
A002870,KOSPI,(주)신풍,1347110002644
A006730,KOSDAQ,(주)서부티엔디,1101110256788
A008500,KOSPI,일정실업(주),1101110141369
A083450,KOSDAQ,(주)글로벌스탠다드테크놀로지,1313110038864
A000520,KOSPI,삼일제약(주),1101110016679
A108490,KOSDAQ,(주)로보티즈,1101111670044
A097520,KOSPI,(주)엠씨넥스,1101113136383
A047050,KOSPI,(주)포스코인터내셔널,1101112137358
A004060,KOSPI,(주)SG세계물산,1101110048002
A030200,KOSPI,(주)케이티,1101111468754
A214330,KOSPI,(주)금호에이치티,2059110000169
A187790,KOSDAQ,(주)나노,1101115248376
A004560,KOSPI,현대비앤지스틸(주),1101110065395
A033530,KOSPI,에스제이지세종(주),1812110000758
A089010,KOSDAQ,(주)켐트로닉스,1311110028116
A244920,KOSPI,주식회사 에이플러스에셋어드바이저,1101113691973
A005820,KOSPI,(주)원림,1101110095152
A003580,KOSPI,에이치엘비글로벌(주),1449110000072
A051980,KOSDAQ,(주)중앙첨단소재,1101111686728
A0030R0,KOSPI,주식회사 대신밸류리츠위탁관리부동산투자회사,1101119084198
A001260,KOSPI,남광토건(주),1101110017411
A026960,KOSPI,(주)동서,1101110180888
A007700,KOSPI,주식회사 에프앤에프홀딩스,1101110126783
A001290,KOSPI,(주)상상인증권,1101110031560
A381970,KOSPI,케이카 주식회사,1101116583490
A014910,KOSPI,성문전자(주),1311110005114
A017900,KOSPI,광전자(주),2149110002560
A032640,KOSPI,(주)LG유플러스,1101111296676
A060720,KOSDAQ,(주)케이에이치바텍,1760110007234
A056190,KOSDAQ,(주)에스에프에이,1942110032714
A062040,KOSPI,산일전기(주),1101111020728
A008420,KOSPI,문배철강(주),1101110139190
A000760,KOSPI,이화산업(주),1101110018138
A011420,KOSPI,(주)갤럭시아 에스엠,1301110008771
A339770,KOSPI,교촌에프앤비(주),1752110009005
A454910,KOSPI,두산로보틱스 주식회사,1101115798272
A089970,KOSDAQ,브이엠(주),1348110068248
A388050,KOSDAQ,지투파워(주),1351110102065
A003300,KOSPI,한일홀딩스(주),1101110040165
A048910,KOSDAQ,대원미디어(주),1101110222151
A376900,KOSDAQ,주식회사 로킷헬스케어,1101114780072
A298050,KOSPI,에이치에스효성첨단소재(주),1101116770170
A417310,KOSPI,(주)코람코더원위탁관리부동산투자회사,1101115837294
A055550,KOSPI,(주)신한금융지주회사,1101112322438
A139130,KOSPI,(주)아이엠금융지주,1701110429523
A136490,KOSPI,(주)선진,1344110046664
A272450,KOSPI,주식회사 진에어,1201110454976
A014580,KOSPI,(주)태경비케이,1101110301111
A048870,KOSDAQ,(주)시너지이노베이션,1101111530959
A089980,KOSDAQ,(주)상아프론테크,1201110038209
A031210,KOSPI,서울보증보험(주),1101110099774
A028300,KOSDAQ,에이치엘비(주),1701110021600
A000370,KOSPI,한화손해보험(주),1101110006456
A035150,KOSPI,(주)백산,1147110003729
A014160,KOSPI,대영포장(주),1101110254104
A145990,KOSPI,(주)삼양사,1101114720945
A102460,KOSPI,이연제약(주),1101110048143
A272290,KOSDAQ,(주)이녹스첨단소재,1648110105010
A000650,KOSPI,(주)천일고속,1801110006915
A279570,KOSPI,주식회사 케이뱅크,1101115938985
A131970,KOSDAQ,(주)두산테스나,1311110082427
A000860,KOSPI,강남제비스코(주),1801110003391
A215000,KOSDAQ,(주)골프존,1601110393069
A010040,KOSPI,한국내화(주),1846110000319
A000230,KOSPI,일동홀딩스(주),1101110012776
A012330,KOSPI,현대모비스(주),1101110215536
A121600,KOSDAQ,(주)나노신소재,1601110094162
A060250,KOSDAQ,엔에이치엔케이씨피 주식회사,1101111113929
A415640,KOSPI,케이비발해인프라투융자회사,1101113386954
A459510,KOSDAQ,(주)나우로보틱스,1201110845638
A218410,KOSDAQ,알에프에이치아이씨(주),1101115695337
A001210,KOSPI,금호전기(주),1101110028541
A007590,KOSPI,(주)동방아그로,1101110124969
A402030,KOSDAQ,주식회사 코난테크놀로지,1101111682932
A006740,KOSPI,블루산업개발 주식회사,1347110000408
A003550,KOSPI,(주)LG,1101110003543
A031820,KOSPI,(주)아이티센씨티에스,1101110414126
A009240,KOSPI,(주)한샘,1341110003595
A418550,KOSDAQ,(주)제이오,1244110019788
A001070,KOSPI,대한방직(주),1101110019350
A025320,KOSDAQ,(주)시노펙스,1746110004644
A072710,KOSPI,(주)농심홀딩스,1101112819005
A101530,KOSPI,해태제과식품주식회사,1615110044225
A475560,KOSPI,주식회사 더본코리아,1101111002122
A000070,KOSPI,(주)삼양홀딩스,1101110026181
A114090,KOSPI,그랜드코리아레저(주),1101113301457
A000700,KOSPI,(주)유수홀딩스,1101110003262
A011500,KOSPI,(주)한농화성,2111110001090
A079160,KOSPI,씨제이씨지브이(주),1101111673220
A001720,KOSPI,신영증권(주),1101110006612
A029460,KOSPI,(주)케이씨,1101110703210
A000050,KOSPI,(주)경방,1101110013287
A095700,KOSDAQ,(주)제넥신,1717110036705
A020120,KOSPI,(주)키다리스튜디오,1101110539382
A243070,KOSDAQ,(주)휴온스,1311110446029
A008250,KOSPI,이건산업(주),1201110001959
A012510,KOSPI,(주)더존비즈온,1201110005266
A284740,KOSPI,쿠쿠홈시스 주식회사,1355110319406
A010950,KOSPI,S-Oil(주),1101110189955
A404990,KOSPI,주식회사 신한서부티엔디위탁관리부동산투자회사,1101117343356
A289220,KOSDAQ,(주)자이언트스텝,1101113909839
A023530,KOSPI,롯데쇼핑(주),1101110000086
A065350,KOSDAQ,신성델타테크(주),1942110003096
A487570,KOSPI,(주)에이치에스효성,1101118993457
A126560,KOSPI,주식회사 현대퓨처넷,1101110842785
A011280,KOSPI,태림포장(주),1301110010015
A003680,KOSPI,한성기업(주),1801110000230
A095500,KOSDAQ,미래나노텍(주),1101112577885
A475150,KOSPI,SK이터닉스(주),1311110729441
A016380,KOSPI,KG스틸(주),1101110393308
A007120,KOSPI,(주)미래아이앤지,1101110100951
A024890,KOSPI,대원화성(주),1101110165393
A005300,KOSPI,롯데칠성음료(주),1101110003684
A460940,KOSDAQ,(주)피앤에스로보틱스,1101112922478
A002780,KOSPI,진흥기업(주),1101110006349
A007210,KOSPI,(주)벽산,1101110113384
A025000,KOSPI,KPX케미칼(주),1101110166903
A058970,KOSDAQ,(주)엠로,1101111906887
A071050,KOSPI,한국투자금융지주(주),1101112691651
A000100,KOSPI,(주)유한양행,1101110014409
A126720,KOSPI,(주)수산인더스트리,1615110001613
A006800,KOSPI,미래에셋증권(주),1101110011679
A071090,KOSPI,(주)하이스틸,1101112686024
A001390,KOSPI,KG케미칼(주),1243110008999
A336570,KOSDAQ,원텍(주),1101117232799
A005070,KOSPI,코스모신소재(주),1201110018251
A001450,KOSPI,현대해상화재보험(주),1101110035893
A033160,KOSDAQ,엠케이전자(주),1345110004412
A002220,KOSPI,한일철강(주),1101110048987
A389650,KOSDAQ,(주)넥스트바이오메디컬,1201110720228
A020000,KOSPI,(주)한섬,1101110531578
A030000,KOSPI,(주)제일기획,1101110139017
A329180,KOSPI,에이치디현대중공업(주),2301110312741
A006570,KOSPI,대림통상(주),1101110021678
A403850,KOSDAQ,더핑크퐁컴퍼니(주),1101114357110
A271980,KOSPI,제일약품(주),1101116420361
A042000,KOSDAQ,카페24(주),1101111698145
A024720,KOSPI,콜마홀딩스(주),1647110001591
A006910,KOSDAQ,보성파워텍(주),1301110007765
A007690,KOSPI,국도화학(주),1101110126642
A029530,KOSPI,(주)신도리코,1101110034960
A111110,KOSPI,호전실업 주식회사,1101110393457
A122640,KOSDAQ,(주)예스티,1348110048183
A066700,KOSDAQ,(주)테라젠이텍스,1101110724107
A119850,KOSDAQ,(주)지엔씨에너지,1101110952055
A001120,KOSPI,(주)LX인터내셔널,1101110004632
A000270,KOSPI,기아(주),1101110037998
A084990,KOSDAQ,(주)헬릭스미스,1101111343930
A011690,KOSPI,(주)와이투솔루션,1101110204498
A011150,KOSPI,CJ씨푸드(주),1101110215578
A226400,KOSDAQ,(주)오스테오닉,1101114816570
A080220,KOSDAQ,(주)제주반도체,1311110047918
A002420,KOSPI,세기상사(주),1101110015853
A445680,KOSDAQ,큐리옥스바이오시스템즈(주),1101116865103
A058730,KOSPI,다스코(주),2052110005288
A003000,KOSPI,부광약품(주),1101110030405
A215200,KOSDAQ,메가스터디교육(주),1101115685966
A025540,KOSPI,한국단자공업(주),1201110002957
A383310,KOSDAQ,주식회사 에코프로에이치엔,1501110307674
A015360,KOSPI,(주)INVENI,1101110290778
A123690,KOSPI,한국화장품(주),1101114342228
A053690,KOSPI,(주)한미글로벌건축사사무소,1101111283657
A489790,KOSPI,한화비전(주),1311110745562
A001430,KOSPI,(주)세아베스틸지주,1101110035794
A023800,KOSPI,인지컨트롤스(주),1301110006296
A214150,KOSDAQ,(주)클래시스,1101115618355
A046890,KOSDAQ,서울반도체(주),1101110522436
A439260,KOSPI,대한조선 주식회사,2047110003887
A267260,KOSPI,에이치디현대일렉트릭(주),1101116363850
A005850,KOSPI,에스엘(주),1701110000034
A012160,KOSPI,(주)영흥,1942110000191
A194370,KOSPI,(주)제이에스코퍼레이션,1101110554992
A015590,KOSPI,디케이엠이(주),1812110002275
A083930,KOSDAQ,(주)아바코,1701110166737
A213500,KOSPI,한솔제지(주),1101115604700
A290650,KOSDAQ,(주)엘앤씨바이오,1311110288992
A457190,KOSPI,주식회사 이수스페셜티케미컬,1101118626561
A064290,KOSDAQ,(주)인텍플러스,1101111204637
A085670,KOSDAQ,(주)뉴프렉스,1350110103601
A019170,KOSPI,신풍제약(주),1301110011815
A217820,KOSDAQ,(주)원익피앤이,1348110045535
A094800,KOSPI,미래에셋맵스리얼티부동산공모투자회사,1101113595852
A001570,KOSPI,(주)금양,1801110003101
A118000,KOSPI,(주)메타케어,1701110391532
A484870,KOSPI,주식회사 엠앤씨솔루션,1942110326208
A101360,KOSDAQ,(주)에코앤드림,1101113085598
A006200,KOSPI,(주)한국전자홀딩스,1101110101470
A078150,KOSDAQ,(주)에이치비테크놀러지,1311110030335
A298020,KOSPI,효성티앤씨(주),1101116770138
A029780,KOSPI,삼성카드(주),1101110346901
A236200,KOSDAQ,(주)슈프리마,1311110433589
A053030,KOSDAQ,(주)바이넥스,1801110058742
A008930,KOSPI,한미사이언스(주),1348110003187
A033500,KOSDAQ,(주)동성화인텍,1101110404361
A028050,KOSPI,삼성이앤에이(주),1101110240509
A015230,KOSPI,대창단조(주),1801110039396
A008110,KOSPI,대동전자(주),1101110134819
A195870,KOSPI,해성디에스(주),1942110223694
A096530,KOSDAQ,(주)씨젠,1101112070334
A033240,KOSPI,자화전자(주),1501110005955
A192820,KOSPI,코스맥스(주),1348110294273
A004370,KOSPI,(주)농심,1101110057574
A001270,KOSPI,부국증권(주),1101110031510
A002600,KOSPI,(주)조흥,1101110019334
A298040,KOSPI,효성중공업(주),1101116770154
A253450,KOSDAQ,스튜디오드래곤(주),1101116052164
A014820,KOSPI,동원시스템즈(주),1341110011712
A090350,KOSPI,(주)노루페인트,1341110142575
A100130,KOSDAQ,(주)동국에스엔씨,1101112276784
A027410,KOSPI,(주)비지에프,1101111105215
A004150,KOSPI,한솔홀딩스(주),1101110017867
A095610,KOSDAQ,(주)테스,1345110064482
A002020,KOSPI,(주)코오롱,1101110030528
A271560,KOSPI,(주)오리온,1101116417805
A475400,KOSDAQ,(주)씨메스,1101115501550
A099320,KOSDAQ,주식회사쎄트렉아이,1601110091283
A006220,KOSPI,(주)제주은행,2201110000819
A094360,KOSDAQ,(주)칩스앤미디어,1101112732413
A000950,KOSPI,(주)전방,1101110005664
A358570,KOSDAQ,(주)지아이이노베이션,1452110021112
A388720,KOSDAQ,(주)유일로보틱스,1201110592130
A140410,KOSDAQ,(주)메지온,1101112615578
A018880,KOSPI,한온시스템(주),1347110002206
A005690,KOSPI,파미셀(주),1601110005177
A348370,KOSDAQ,(주)엔켐,1512110026289
A108230,KOSDAQ,(주)톱텍,1845110014990
A001680,KOSPI,대상(주),1101110327125
A304100,KOSDAQ,(주)솔트룩스,1101110301632
A011390,KOSPI,부산산업(주),1101110522618
A018670,KOSPI,SK가스(주),1101110413247
A023590,KOSPI,(주)다우기술,1101110414758
A075580,KOSPI,(주)세진중공업,2301110060126
A012610,KOSPI,(주)경인양행,1201110005703
A020560,KOSPI,아시아나항공(주),1101110562804
A005610,KOSPI,(주)SPC삼립,1101110090516
A025820,KOSPI,이구산업(주),1301110009498
A019180,KOSPI,(주)티에이치엔,1701110022781
A014990,KOSPI,(주)인디에프,1101110279996
A005090,KOSPI,SGC에너지(주),1101110079817
A005380,KOSPI,현대자동차(주),1101110085450
A181710,KOSPI,엔에이치엔(주),1311110350139
A001770,KOSPI,(주)신화다이나믹스,1101110028632
A079430,KOSPI,(주)현대리바트,1345110034097
A003830,KOSPI,대한화섬(주),1101110012437
A352820,KOSPI,(주)하이브,1101113166546
A025620,KOSPI,차AI헬스케어(주),1341110001672
A064760,KOSDAQ,(주)티씨케이,1346110007844
A226950,KOSDAQ,올릭스 주식회사,1358110177957
A023810,KOSPI,(주)인팩,1301110008052
A255220,KOSDAQ,에스지이(주),1201110517154
A200670,KOSDAQ,(주)휴메딕스,1101112727141
A160190,KOSDAQ,하이젠알앤엠 주식회사,1942110088197
A166090,KOSDAQ,하나머티리얼즈(주),1615110086227
A317330,KOSDAQ,(주)덕산테코피아,2301110120607
A025530,KOSPI,(주)에스제이엠홀딩스,1301110008862
A007340,KOSPI,(주)디엔오토모티브,1845110000642
A000180,KOSPI,성창기업지주(주),1801110001717
A278280,KOSDAQ,(주)천보,1511110031157
A465770,KOSPI,(주)STX 그린 로지스,1801111522465
A006880,KOSPI,신송홀딩스(주),1101110038061
A000320,KOSPI,(주)노루홀딩스,1341110002878
A004540,KOSPI,깨끗한나라(주),1101110063779
A014530,KOSPI,극동유화(주),1845110001335
A140860,KOSDAQ,(주)파크시스템스,1101111397648
A026940,KOSPI,부국철강(주),2001110001407
A000810,KOSPI,삼성화재해상보험(주),1101110005078
A002380,KOSPI,(주)케이씨씨,1101110221814
A120110,KOSPI,코오롱인더스트리(주),1353110013606
A003620,KOSPI,케이지모빌리티(주),1101110035132
A005680,KOSPI,삼영전자공업(주),1311110000205
A000970,KOSPI,한국주철관공업(주),1801110000587
A002210,KOSPI,동성제약(주),1101110008200
A089030,KOSDAQ,(주)테크윙,1348110072942
A009160,KOSPI,(주)SIMPAC,1201110002189
A139990,KOSPI,아주스틸(주),1760110020145
A038500,KOSDAQ,(주)삼표시멘트,1101110738637
A006060,KOSPI,화승인더스트리(주),1801110004323
A037710,KOSPI,(주)광주신세계,2001110054795
A007070,KOSPI,(주)지에스리테일,1101110090037
A079370,KOSDAQ,(주)제우스,1101110600430
A004960,KOSPI,한신공영(주),1101110075683
A017370,KOSPI,(주)우신시스템,1101110366719
A055490,KOSPI,(주)테이팩스,1201110095499
A044450,KOSPI,(주)케이에스에스 해운,1101110377055
A175330,KOSPI,(주)JB금융지주,2101110091498
A025860,KOSPI,남해화학(주),1101110164717
A030720,KOSPI,동원수산(주),1101110046204
A023350,KOSPI,(주)한국종합기술,1101110038326
A094820,KOSDAQ,(주)일진파워,1101110673966
A003240,KOSPI,태광산업(주),1101110185276
A264900,KOSPI,(주)크라운제과,1101116332590
A014710,KOSPI,사조씨푸드(주),1101110271596
A078000,KOSPI,텔코웨어(주),1101111848394
A084670,KOSPI,(주)동양고속,1341110131073
A357780,KOSDAQ,솔브레인 주식회사,1311110597525
A466100,KOSDAQ,주식회사 클로봇,1101116394954
A086900,KOSDAQ,(주)메디톡스,1648110016928
A010140,KOSPI,삼성중공업(주),1101110168595
A003540,KOSPI,대신증권(주),1101110042955
A000680,KOSPI,(주)LS네트웍스,1801110044717
A241560,KOSPI,두산밥캣 주식회사,1101115402237
A005160,KOSDAQ,동국산업(주),1101110085583
A103590,KOSPI,일진전기(주),1348110159279
A069640,KOSPI,한세엠케이(주),1101111144073
A455900,KOSDAQ,주식회사 엔젤로보틱스,1101116314085
A138040,KOSPI,(주)메리츠금융지주,1101114566406
A087010,KOSDAQ,(주)펩트론,1601110067234
A016580,KOSPI,환인제약(주),1101110339542
A372170,KOSDAQ,주식회사 윤성에프앤씨,1355110102249
A005960,KOSPI,동부건설(주),1101110005002
A092200,KOSPI,(주)디아이씨,1801110025147
A028100,KOSPI,(주)동아지질,1801110019843
A102120,KOSDAQ,어보브반도체(주),1501110093926
A000490,KOSPI,(주)대동,1911110000104
A200710,KOSDAQ,(주)에이디테크놀로지,1311110081627
A005750,KOSPI,대림바스 주식회사,1942110000018
A082640,KOSPI,동양생명보험(주),1101110624688
A034230,KOSPI,(주)파라다이스,1101110129274
A003850,KOSPI,(주)보령,1101110012560
A095720,KOSPI,(주)웅진씽크빅,2849110065613
A232140,KOSDAQ,(주)와이씨,1101115869346
A192080,KOSPI,(주)더블유게임즈,1101114855924
A123040,KOSDAQ,(주)엠에스오토텍,1712110005114
A084850,KOSDAQ,(주)아이티엠반도체,1311110046639
A063080,KOSDAQ,(주)컴투스홀딩스,1101111848914
A039130,KOSPI,(주)하나투어,1101110981038
A036190,KOSDAQ,(주)금화피에스시,1101110295778
A103140,KOSPI,(주)풍산,1313110083497
A016360,KOSPI,삼성증권(주),1101110335649
A022100,KOSPI,(주)포스코디엑스,1101110658637
A069730,KOSPI,DSR제강(주),1801110004753
A002920,KOSPI,유성기업(주),1243110000755
A047400,KOSPI,유니온머티리얼(주),1701110176489
A052690,KOSPI,한국전력기술(주),1101110186307
A018260,KOSPI,삼성에스디에스(주),1101110398556
A195940,KOSDAQ,에이치케이이노엔 주식회사,1101115379692
A078340,KOSDAQ,(주)컴투스,1101111571250
A138490,KOSPI,코오롱이앤피(주),1713110003504
A013870,KOSPI,지엠비코리아(주),1942110000399
A054950,KOSDAQ,(주)제이브이엠,1701110111352
A001230,KOSPI,동국홀딩스(주),1101110031338
A005250,KOSPI,(주)녹십자홀딩스,1345110000014
A011200,KOSPI,에이치엠엠(주),1101110193740
A101730,KOSDAQ,(주)위메이드맥스,1101111401051
A003030,KOSPI,(주)세아제강지주,1101110118996
A000480,KOSPI,주식회사 시알홀딩스,2011110000440
A306200,KOSPI,(주)세아제강,1101116860640
A002030,KOSPI,아세아(주),1101110030710
A357120,KOSPI,(주)코람코라이프인프라위탁관리부동산투자회사,1101117320320
A035760,KOSDAQ,(주)씨제이이엔엠,1101111109134
A230360,KOSDAQ,(주)에코마케팅,1101112743866
A400760,KOSPI,㈜엔에이치올원위탁관리부동산투자회사,1101117299294
A048530,KOSDAQ,(주)인트론바이오테크놀로지,1101111636004
A089860,KOSPI,롯데렌탈(주),1101113326588
A084650,KOSDAQ,(주)랩지노믹스,1345110059821
A253590,KOSDAQ,(주)네오셈,1101116168614
A084010,KOSPI,대한제강(주),1801110003268
A178920,KOSPI,피아이첨단소재(주),1543110022729
A071320,KOSPI,한국지역난방공사,1112710005962
A003070,KOSPI,코오롱글로벌(주),1101110036502
A003460,KOSPI,유화증권(주),1101110042484
A034020,KOSPI,두산에너빌리티(주),1942110000943
A051370,KOSDAQ,(주)인터플렉스,1350110042924
A117580,KOSPI,대성에너지(주),1701110387416
A014280,KOSPI,금강공업(주),1801110034320
A016790,KOSDAQ,현대사료(주),1615110001572
A078600,KOSDAQ,대주전자재료(주),1301110007616
A004450,KOSPI,삼화왕관(주),1341110003462
A005430,KOSPI,한국공항(주),1101110003692
A006840,KOSPI,AK홀딩스(주),1101110029721
A001360,KOSPI,삼성제약(주),1101110032568
A214420,KOSPI,(주)토니모리,1101113500249
A281820,KOSPI,(주)케이씨텍,1346110087565
A069260,KOSPI,티케이지휴켐스(주),1101112611906
A009290,KOSPI,광동제약(주),1101110152134
A000240,KOSPI,한국앤컴퍼니(주),1101110034233
A003530,KOSPI,한화투자증권(주),1101110003155
A067080,KOSDAQ,대화제약(주),2111110001529
A007160,KOSPI,사조산업(주),1101110112328
A023960,KOSPI,에쓰씨엔지니어링(주),1101110271497
A036460,KOSPI,한국가스공사(주),1146710006125
A013360,KOSPI,일성건설(주),1101110234776
A041190,KOSDAQ,우리기술투자(주),1601110058887
A002460,KOSPI,에이치에스화성(주),1701110001131
A446070,KOSPI,(주)유니드비티플러스,1101118466280
A163560,KOSPI,동일고무벨트(주),1801110828129
A122870,KOSDAQ,(주)와이지엔터테인먼트,1101111516397
A099430,KOSDAQ,바이오플러스 주식회사,1101112785355
A287840,KOSDAQ,(주)인투셀,1601110395354
A183190,KOSPI,아세아시멘트(주),1101115238096
A016880,KOSPI,(주)웅진,1101110346745
A012630,KOSPI,에이치디씨(주),1101110279433
A229640,KOSPI,엘에스에코에너지 주식회사,1341110411706
A004840,KOSPI,(주)디알비동일,1801110000339
A101490,KOSDAQ,(주)에스앤에스텍,1311110057925
A452260,KOSPI,한화갤러리아(주),1101118570891
A051600,KOSPI,한전KPS(주),1101110371148
A003380,KOSDAQ,(주)하림지주,1601110003931
A000910,KOSPI,(주)유니온,1101110200579
A017860,KOSPI,주식회사 디에스단석,1341110010839
A456040,KOSPI,OCI(주),1101118626793
A272210,KOSPI,한화시스템(주),1760110020640
A005360,KOSPI,(주)모나미,1101110005052
A091120,KOSDAQ,(주)이엠텍,1801110348945
A004700,KOSPI,조광피혁(주),1501110001036
A015890,KOSPI,태경산업(주),1348110002080
A448730,KOSPI,삼성에프엔위탁관리부동산투자회사 주식회사,1101118376893
A375500,KOSPI,디엘이앤씨 주식회사,1101117736808
A066970,KOSPI,(주)엘앤에프,1760110022654
A265520,KOSDAQ,에이피시스템(주),1348110400341
A450950,KOSDAQ,(주)아스테라시스,1412110077086
A060280,KOSDAQ,큐렉소(주),1101110839071
A214390,KOSPI,(주)경보제약,1648110001961
A460860,KOSPI,동국제강(주),1101118651633
A372320,KOSDAQ,주식회사 큐로셀,1311110466283
A004170,KOSPI,(주)신세계,1101110028848
A001460,KOSPI,(주)BYC,1101110005995
A051630,KOSPI,진양화학(주),1101112141672
A031330,KOSDAQ,(주)에스에이엠티,1101110707674
A185750,KOSPI,(주)종근당,1101115260669
A002240,KOSPI,고려제강(주),1801110001220
A086390,KOSDAQ,(주)유니테스트,1311110047356
A000080,KOSPI,하이트진로(주),1101110028591
A010780,KOSPI,아이에스동서(주),1101110208383
A094170,KOSDAQ,(주)동운아나텍,1101113487546
A005830,KOSPI,DB손해보험(주),1101110095285
A326030,KOSPI,에스케이바이오팜 주식회사,1101114570720
A069460,KOSPI,(주)대호에이엘,1701110233338
A123330,KOSDAQ,(주)제닉,1345110052677
A023410,KOSDAQ,유진기업(주),1101110376148
A043150,KOSDAQ,(주)바텍,1341110036348
A389260,KOSDAQ,대명에너지 주식회사,1311110051935
A002410,KOSPI,범양건영(주),1101110015861
A012320,KOSPI,(주)경동인베스트,1812110000906
A338220,KOSDAQ,주식회사 뷰노,1348110319279
A010580,KOSPI,(주)에스엠벡셀,1341110003058
A002900,KOSPI,주식회사 티와이엠,1101110032899
A314930,KOSDAQ,주식회사 바이오다인,1101111786057
A302440,KOSPI,에스케이바이오사이언스(주),1311110523736
A002320,KOSPI,(주)한진,1101110003668
A377740,KOSPI,(주)바이오노트,1348110324294
A092070,KOSDAQ,(주)디엔에프,1601110109896
A068240,KOSDAQ,(주)다원시스,1350110049607
A460850,KOSPI,동국씨엠 주식회사,1101118651659
A246710,KOSDAQ,(주)티앤알바이오팹,1355110249041
A348210,KOSDAQ,주식회사 넥스틴,1344110044981
A468530,KOSDAQ,(주)프로티나,1601110405070
A002990,KOSPI,금호건설(주),1101110134877
A014620,KOSDAQ,(주)성광벤드,1801110036425
A039560,KOSDAQ,(주)다산네트웍스,1101110924765
A002720,KOSPI,국제약품(주),1101110032154
A013570,KOSPI,디와이(주),1942110000472
A378850,KOSPI,주식회사 화승알앤에이,2341110120538
A083420,KOSPI,그린케미칼(주),1614110012349
A101160,KOSDAQ,(주)월덱스,1760110020723
A083650,KOSDAQ,비에이치아이주식회사,1943110006262
A045100,KOSDAQ,한양이엔지(주),1101110582547
A085620,KOSPI,미래에셋생명보험(주),1601110014483
A008490,KOSPI,(주)서흥,1243110004252
A006120,KOSPI,에스케이디스커버리(주),1301110005727
A105840,KOSPI,(주)우진,1345110001814
A450080,KOSPI,주식회사 에코프로머티리얼즈,1717110132339
A012450,KOSPI,한화에어로스페이스(주),1942110000480
A310210,KOSDAQ,보로노이(주),1348110326191
A006260,KOSPI,(주)LS,1101110003965
A228670,KOSDAQ,주식회사 레이,1345110084018
A373220,KOSPI,(주)엘지에너지솔루션,1101117701356
A206560,KOSDAQ,(주)덱스터스튜디오,2850110209804
A025980,KOSDAQ,(주)아난티,1301110026814
A183300,KOSDAQ,(주)코미코,1346110062393
A073490,KOSDAQ,(주)이노와이어리스,1101112078073
A077970,KOSPI,STX엔진(주),1942110066763
A003650,KOSPI,미창석유공업(주),1801110000537
A383800,KOSPI,주식회사 엘엑스홀딩스,1101117875359
A064960,KOSPI,SNT모티브(주),1801110396069
A084370,KOSDAQ,(주)유진테크,1351110051329
A445090,KOSDAQ,(주)에이직랜드,1358110290105
A210540,KOSPI,디와이파워(주),1942110234534
A215600,KOSDAQ,신라젠(주),1801110550194
A037560,KOSPI,(주)엘지헬로비전,1101111144297
A214680,KOSDAQ,(주)디알텍,1101115633585
A011070,KOSPI,엘지이노텍(주),1101110192180
A032820,KOSDAQ,(주)우리기술,1101111118656
A285130,KOSPI,에스케이케미칼(주),1311110501021
A011210,KOSPI,현대위아(주),1942110000125
A213420,KOSDAQ,덕산네오룩스(주),1615110176036
A012030,KOSPI,(주) DB Inc.,1101110210859
A008770,KOSPI,(주)호텔신라,1101110145519
A025750,KOSPI,(주)한솔홈데코,1101110825624
A009970,KOSPI,(주)영원무역홀딩스,1101110165830
A115450,KOSDAQ,에이치엘비테라퓨틱스(주),1601110099451
A051910,KOSPI,(주)LG화학,1101112207995
A348340,KOSDAQ,주식회사 뉴로메카,2841110112915
A222080,KOSDAQ,씨아이에스(주),1101115731032
A322510,KOSDAQ,(주)제이엘케이,1101115340065
A093240,KOSPI,(주)형지엘리트,1101112507551
A020760,KOSPI,일진디스플레이(주),1545110006076
A004100,KOSPI,태양금속공업(주),1101110003212
A009770,KOSPI,삼정펄프(주),1347110000333
A018290,KOSDAQ,(주)브이티,1101110509872
A004080,KOSPI,(주)신흥,1101110047864
A028260,KOSPI,삼성물산(주),1101110015762
A053210,KOSPI,(주)케이티스카이라이프,1101112149436
A006040,KOSPI,동원산업(주),1101110003098
A000880,KOSPI,(주)한화,1101110002959
A001420,KOSPI,태원물산(주),1101110086771
A425040,KOSDAQ,티이엠씨 주식회사,1501110198453
A319400,KOSDAQ,현대무벡스(주),1101117016870
A030210,KOSPI,다올투자증권(주),1101110878706
A263720,KOSDAQ,주식회사 디앤씨미디어,1101114767153
A008350,KOSPI,(주)남선알미늄,1701110005042
A011780,KOSPI,금호석유화학(주),1101110205975
A007570,KOSPI,일양약품(주),1101110124802
A077500,KOSPI,유니퀘스트(주),1101111216757
A047810,KOSPI,한국항공우주산업(주),1101111827570
A098070,KOSDAQ,(주)한텍,2301110052355
A476060,KOSDAQ,온코닉테라퓨틱스(주),1101117478088
A023160,KOSDAQ,(주)태광,1801110045559
A214370,KOSDAQ,(주)케어젠,1101112310946
A456160,KOSDAQ,(주)지투지바이오,1601110451528
A068790,KOSDAQ,(주)디엠에스,1346110012687
A099190,KOSDAQ,(주)아이센스,1101111960924
A010400,KOSPI,(주)우진아이엔에스,1101110175467
A090080,KOSPI,평화산업(주),1701110309329
A030610,KOSPI,교보증권(주),1101110018089
A277810,KOSDAQ,(주)레인보우로보틱스,1601110293889
A069960,KOSPI,(주)현대백화점,1101112644725
A081660,KOSPI,(주)미스토홀딩스,1101110792667
A330590,KOSPI,롯데위탁관리부동산투자회사 주식회사,1101117061081
A088980,KOSPI,맥쿼리한국인프라투융자회사,1101112672586
A001780,KOSPI,(주)알루코,1601110002313
A002310,KOSPI,아세아제지(주),1101110006274
A000720,KOSPI,현대건설(주),1101110007909
A042700,KOSPI,한미반도체(주),1201110038423
A041650,KOSPI,상신브레이크(주),1741110000527
A009540,KOSPI,에이치디한국조선해양(주),1812110000386
A483650,KOSPI,(주)달바글로벌,1101115995993
A144510,KOSDAQ,(주)지씨셀,1345110172532
A126340,KOSDAQ,비나텍주식회사,1341110067418
A356860,KOSDAQ,(주)티엘비,1314110255979
A124500,KOSDAQ,(주)아이티센글로벌,1101113224849
A204620,KOSDAQ,글로벌텍스프리(주),1101115480233
A001800,KOSPI,(주)오리온홀딩스,1101110004690
A090430,KOSPI,(주)아모레퍼시픽,1101113471036
A299900,KOSDAQ,(주)위지윅스튜디오,1101116033833
A058610,KOSDAQ,(주)에스피지,1243110031213
A036620,KOSDAQ,감성코퍼레이션(주),1101111061954
A267290,KOSPI,(주)경동도시가스,2301110274751
A049070,KOSDAQ,인탑스(주),1341110013552
A008700,KOSPI,아남전자(주),1201110018300
A206650,KOSDAQ,(주)유바이오로직스,1101114294122
A122990,KOSDAQ,(주)와이솔,1358110154111
A100840,KOSPI,SNT에너지(주),1942110090598
A294090,KOSDAQ,이오플로우(주),1101114694679
A088350,KOSPI,한화생명보험(주),1101110003204
A207760,KOSDAQ,미스터블루(주),1101115535038
A286940,KOSPI,롯데이노베이트(주),1101116557114
A027970,KOSPI,한국제지(주),1741110000618
A001740,KOSPI,SK네트웍스(주),1301110005199
A0015N0,KOSDAQ,주식회사 아로마티카,1101112154667
A004830,KOSPI,(주)덕성,1341110000096
A253840,KOSDAQ,(주)수젠텍,1601110312126
A046120,KOSDAQ,(주)오르비텍,1101110753734
A145270,KOSPI,(주)케이탑자기관리부동산투자회사,1101114465004
A092230,KOSPI,KPX홀딩스(주),1101113520627
A019680,KOSPI,(주)대교,1101110514029
A004690,KOSPI,삼천리(주),1101110005929
A097950,KOSPI,CJ제일제당(주),1101113748253
A041510,KOSDAQ,(주)에스엠엔터테인먼트,1101111128340
A002790,KOSPI,(주)아모레퍼시픽홀딩스,1101110026644
A039440,KOSDAQ,(주)에스티아이,1346110009460
A084680,KOSPI,(주)이월드,1701110290867
A083310,KOSDAQ,(주)엘오티베큠,1615110049069
A323410,KOSPI,주식회사 카카오뱅크,1311110435767
A025560,KOSPI,미래산업(주),1243110030413
A001340,KOSPI,피케이씨(주),1101110003709
A095660,KOSDAQ,(주)네오위즈,1101116388957
A102260,KOSPI,(주)동성케미컬,1801110633031
A008870,KOSPI,(주)금비,1201110002022
A058430,KOSPI,포스코스틸리온(주),1746110006492
A155660,KOSPI,DSR(주),1801110000777
A230240,KOSDAQ,(주)에치에프알,1101115855973
A003060,KOSPI,(주)에이프로젠바이오로직스,1101110036396
A340570,KOSDAQ,(주)티앤엘,1345110028404
A008260,KOSPI,(주)NI스틸,1101110137491
A281740,KOSDAQ,(주)레이크머티리얼즈,1101116525723
A047040,KOSPI,(주)대우건설,1101112137895
A179290,KOSDAQ,(주)엠아이텍,1101110742406
A068760,KOSDAQ,(주)셀트리온제약,1101112112764
A319660,KOSDAQ,피에스케이 주식회사,1348110493354
A134380,KOSPI,미원화학(주),2301110172244
A227840,KOSPI,현대코퍼레이션홀딩스(주),1101115851559
A016800,KOSPI,(주)퍼시스,1101110345630
A000220,KOSPI,(주)유유제약,1341110002307
A441270,KOSDAQ,(주)파인엠텍,1341110618279
A044820,KOSPI,코스맥스비티아이(주),1348110018641
A290740,KOSDAQ,(주)액트로,1352110033862
A000390,KOSPI,삼화페인트공업(주),1101110014433
A002630,KOSPI,(주)오리엔트바이오,1101110030116
A085660,KOSDAQ,(주)차바이오텍,1345110065662
A171090,KOSDAQ,(주)선익시스템,1101110700555
A090360,KOSDAQ,(주)로보스타,1101111655393
A085910,KOSDAQ,(주)네오티스,1346110015095
A089890,KOSDAQ,(주)코세스,1243110041444
A278470,KOSPI,(주)에이피알,1101115535012
A403550,KOSPI,(주)쏘카,2201110087049
A067310,KOSDAQ,하나마이크론(주),1648110021208
A015020,KOSPI,(주)이스타코,1243110006042
A011930,KOSPI,주식회사 신성이엔지,1301110008664
A039840,KOSDAQ,(주)디오,1845110003290
A109610,KOSDAQ,에스와이(주),1301110064351
A006980,KOSPI,(주)우성,1601110001167
